{
"start" : [5.56871, 0.152878, -1.33005, 1.48987, -2.64342, -0.999294, 2.58056, 0.5, 0.5, 1.0, 1.0, 1.0, 1.0, 1.0],
"goal" :  [3.79241, -0.537715, -0.585673, 1.87933, -2.58169, -1.6, 1.73972, 0.5, 0.5, 1.0, 1.0, 1.0, 1.0, 1.0]
}
